customer_id,first_name,gender,age,city,province,signup_date,membership_tier,purchase_count,avg_order_value,total_spending,last_purchase_days,payment_method,device,discount_used,returned_items,satisfaction_score
1001,Reza,M,19,Karaj,Alborz,2025-02-19,VIP,17,121.53,2066.01,16,Card,Android,Yes,3,5
1002,Sina,M,53,Tehran,Tehran,2022-08-19,Gold,12,326.47,3917.64,3,Card,Web,No,5,3
1003,Parsa,M,31,Shiraz,Fars,2023-06-20,Gold,21,59.46,1248.66,22,Online_Wallet,iPhone,Yes,6,1
1004,Sina,M,58,Mashhad,Khorasan,2021-11-08,Gold,23,266.15,6121.45,40,Card,Android,No,4,4
1005,Kimia,F,28,Isfahan,Isfahan,2021-10-21,Silver,23,169.54,3899.42,273,Online_Wallet,Android,Yes,7,4
1006,Amir,M,58,Mashhad,Khorasan,2022-01-26,Gold,35,110.53,3868.55,205,Cash,Android,Yes,5,2
1007,Reza,M,43,Rasht,Gilan,2025-09-09,VIP,29,77.15,2237.35,298,Cash,iPhone,Yes,2,5
1008,Reza,M,23,Rasht,Gilan,2024-10-03,VIP,3,389.58,1168.74,195,Online_Wallet,iPhone,No,8,1
1009,Kimia,F,61,Karaj,Alborz,2021-05-14,Silver,34,341.63,11615.42,232,Card,Web,No,8,2
1010,Arash,M,45,Karaj,Alborz,2022-06-25,Silver,19,381.13,7241.47,276,Online_Wallet,Android,No,7,1
1011,Neda,F,41,Karaj,Alborz,2021-12-16,Bronze,19,119.16,2264.04,272,Card,Android,No,8,2
1012,Arash,M,51,Mashhad,Khorasan,2023-07-22,Gold,27,434.5,11731.5,224,Online_Wallet,iPhone,Yes,3,2
1013,Neda,F,39,Karaj,Alborz,2021-02-23,Bronze,1,270.91,270.91,117,Card,Android,No,1,5
1014,Reza,M,35,Tabriz,East Azerbaijan,2022-08-26,VIP,31,108.19,3353.89,97,Card,Android,No,5,4
1015,Kimia,F,47,Ahvaz,Khuzestan,2021-07-24,Gold,3,307.91,923.73,55,Card,Android,Yes,8,4
1016,Neda,F,45,Shiraz,Fars,2024-09-04,Bronze,11,136.17,1497.87,333,Online_Wallet,Android,Yes,3,2
1017,Parsa,M,49,Ahvaz,Khuzestan,2022-07-01,VIP,30,107.98,3239.4,135,Cash,iPhone,No,8,4
1018,Ali,M,30,Shiraz,Fars,2023-01-02,VIP,18,109.7,1974.6,257,Online_Wallet,Android,Yes,8,1
1019,Neda,F,22,Shiraz,Fars,2021-10-08,Bronze,4,308.72,1234.88,317,Card,iPhone,No,4,2
1020,Kimia,F,45,Isfahan,Isfahan,2024-06-25,Bronze,16,187.17,2994.72,4,Cash,Web,Yes,1,5
1021,Amir,M,50,Tabriz,East Azerbaijan,2022-06-10,Silver,16,72.62,1161.92,224,Online_Wallet,Web,No,8,1
1022,Reza,M,60,Mashhad,Khorasan,2021-02-24,Silver,6,423.43,2540.58,139,Cash,Web,Yes,5,2
1023,Ali,M,50,Mashhad,Khorasan,2024-05-02,Bronze,31,124.24,3851.44,170,Card,Web,No,2,4
1024,Sina,M,53,Ahvaz,Khuzestan,2025-01-27,Gold,0,63.67,0.0,298,Online_Wallet,Android,No,2,1
1025,Neda,F,41,Mashhad,Khorasan,2021-06-25,VIP,2,406.03,812.06,317,Online_Wallet,Android,Yes,2,2
1026,Amir,M,19,Ahvaz,Khuzestan,2022-05-06,Bronze,11,335.41,3689.51,195,Card,iPhone,Yes,3,4
1027,Kimia,F,37,Isfahan,Isfahan,2024-06-09,Bronze,14,111.97,1567.58,142,Cash,Web,No,8,3
1028,Mina,F,25,Tehran,Tehran,2021-10-14,Gold,16,92.68,1482.88,160,Cash,Web,Yes,6,5
1029,Ali,M,34,Tabriz,East Azerbaijan,2023-07-03,Gold,2,323.32,646.64,319,Cash,Web,Yes,4,5
1030,Sina,M,60,Mashhad,Khorasan,2025-03-07,VIP,26,156.89,4079.1399999999994,340,Cash,Web,Yes,4,4
1031,Zahra,F,37,Tehran,Tehran,2024-08-15,Silver,18,106.43,1915.74,261,Cash,Web,Yes,1,3
1032,Neda,F,23,Isfahan,Isfahan,2022-01-02,Silver,15,307.67,4615.05,243,Online_Wallet,Android,No,6,5
1033,Neda,F,63,Tabriz,East Azerbaijan,2021-02-25,VIP,24,230.05,5521.2,112,Card,Web,No,0,5
1034,Maryam,F,25,Tabriz,East Azerbaijan,2024-10-27,VIP,29,73.0,2117.0,280,Cash,Android,No,7,3
1035,Arash,M,58,Tabriz,East Azerbaijan,2022-05-15,Bronze,17,348.13,5918.21,365,Cash,Android,No,5,3
1036,Sina,M,26,Karaj,Alborz,2022-02-14,VIP,9,115.6,1040.4,169,Online_Wallet,iPhone,No,0,2
1037,Zahra,F,42,Ahvaz,Khuzestan,2024-01-12,Gold,1,387.68,387.68,199,Cash,Web,Yes,7,2
1038,Amir,M,45,Mashhad,Khorasan,2022-08-05,Bronze,31,27.63,856.53,201,Online_Wallet,Web,Yes,1,4
1039,Parsa,M,47,Shiraz,Fars,2022-08-11,Gold,11,36.87,405.57,194,Cash,iPhone,No,1,4
1040,Amir,M,65,Tehran,Tehran,2021-11-02,Bronze,34,37.66,1280.4399999999998,126,Card,Android,Yes,3,2
1041,Neda,F,60,Rasht,Gilan,2023-06-06,Bronze,7,260.33,1822.31,83,Cash,Android,Yes,4,5
1042,Sina,M,43,Ahvaz,Khuzestan,2021-12-25,Gold,12,48.06,576.72,350,Online_Wallet,Android,Yes,5,5
1043,Kimia,F,60,Ahvaz,Khuzestan,2021-07-27,VIP,23,45.0,1035.0,54,Cash,iPhone,No,2,4
1044,Mina,F,64,Shiraz,Fars,2024-07-27,Gold,33,434.98,14354.34,165,Card,Android,No,7,2
1045,Maryam,F,54,Rasht,Gilan,2022-08-07,Gold,24,161.33,3871.92,132,Cash,iPhone,No,8,1
1046,Maryam,F,23,Tabriz,East Azerbaijan,2024-11-23,VIP,15,328.23,4923.45,229,Card,Android,No,3,4
1047,Arash,M,37,Tabriz,East Azerbaijan,2024-12-18,Gold,23,220.87,5080.01,180,Online_Wallet,iPhone,No,4,3
1048,Sina,M,25,Tabriz,East Azerbaijan,2022-04-24,VIP,12,152.26,1827.12,141,Online_Wallet,Web,No,1,2
1049,Ali,M,32,Mashhad,Khorasan,2023-01-02,Gold,23,93.06,2140.38,357,Card,Web,No,1,1
1050,Reza,M,48,Mashhad,Khorasan,2023-08-04,Bronze,30,206.6,6198.0,205,Cash,Android,Yes,2,2
1051,Parsa,M,23,Mashhad,Khorasan,2025-07-15,VIP,15,66.53,997.95,152,Online_Wallet,iPhone,No,0,5
1052,Sara,F,31,Karaj,Alborz,2022-03-18,Bronze,13,130.12,1691.56,80,Card,iPhone,No,7,3
1053,Sina,M,32,Tehran,Tehran,2021-11-08,Gold,18,322.53,5805.54,320,Online_Wallet,Web,Yes,6,1
1054,Reza,M,59,Tabriz,East Azerbaijan,2021-03-26,Gold,9,410.16,3691.44,304,Online_Wallet,Web,No,7,1
1055,Mina,F,62,Rasht,Gilan,2024-02-20,Bronze,19,319.38,6068.22,221,Online_Wallet,iPhone,No,0,1
1056,Kimia,F,61,Tabriz,East Azerbaijan,2025-01-25,Silver,1,449.81,449.81,240,Online_Wallet,Web,No,4,2
1057,Maryam,F,58,Ahvaz,Khuzestan,2024-06-11,Bronze,31,436.54,13532.74,82,Cash,iPhone,No,4,4
1058,Amir,M,47,Tehran,Tehran,2024-09-27,Bronze,5,151.81,759.05,336,Online_Wallet,iPhone,No,0,2
1059,Ali,M,57,Isfahan,Isfahan,2023-09-05,Gold,31,287.05,8898.55,224,Online_Wallet,iPhone,Yes,0,5
1060,Ali,M,63,Tabriz,East Azerbaijan,2021-04-27,Bronze,10,150.18,1501.8,236,Card,Web,Yes,7,3
